Company Name,GST
Air Distribution Specialist,06ABUFA3438K1Z1
AIRCO REFRIGERATION WORKS,03AFMPS1393D1ZH
AIRCON REFRIGERATION,27AEHPC3937R1ZZ
AIRCON SPARES,24KZPPS1637R1Z7
AIREF SYSTEMS PRIVATE LIMITED,03ABACA1117G1ZI
AIRLINKERS EXPRESS PVT LTD.,07AADCA7643M1ZD
AIS GLASS SOLUTIONS LIMITED,06AAECA8434D1ZY
AISIN AUTOMOTIVE HARYANA PRIVATE LIMITED,06AAKCA1851E1ZZ
AISWARYA POLY FLEX PVT.LTD,32AABCA7864J1ZL
AJANTA LABEL COMPANY PRIVATE LIMITED,07AAECA7210P1ZJ
AJANTA PRINT ARTS,27AAEFA7548R1ZQ
AJANTA PRODUCTS,10ABEFA9328A1Z4
AJANTHA ELECTRICALS & REFRIGRATION,27ABPPN4403Q1Z1
AJAY DECOR,08BCHPJ3476M1Z3
AJAY ELECTRICAL,06DHPPK8612F1Z5
AJAY PACKING HOUSE,03ABKPV1278L1Z7
AJAY POLY PRIVATE LIMITED,09AAACA0172A1ZF
AJAY POLY PRIVATE LIMITED,27AAACA0172A2ZG
Ajay Sales Agencies,08AFWPM4196E1ZU
AJAY SALES CORPORATION,06ABWFA4496M1ZJ
AJEX ENTERPRISE,27ABFPS1648J2ZA
AJINKYA INDUSTRIAL SUPPLIERS PVT.LTD,27AAFCA6677B1ZO
AK PRODUCTION,29ACCFA0416E1ZY
AKAR MULTI FORM,24AAJFA9776C1ZC
AKASH ABRASIVES,33AYKPR1419E1ZL
AKASH DEEP LAMINATES,08ASWPS2560B1ZF
AKASH PRECISION COMPONENTS PVT.LTD.,29AAFCA6294A1ZP
AKHIL AGENCIES,32AEAPV5064R1ZY
AKRITI JEWELCRAFTZ PRIVATE LIMITED,09AAKCA8307K1ZB
AKRITI TAPES & PACKAGING INDIA PVT LTD.,06AAKCA3012H1Z4
AKSH OPTIFIBRE LTD.,08AAACA0062F1ZA
AKSHAR ENTERPRISE,24AAYPV5761F1Z0
